
DROP DATABASE auto_service;
CREATE DATABASE auto_service;

USE `auto_service`;

CREATE TABLE `admin` (
  `id` int(11) NOT NULL,
  `login` varchar(100) NOT NULL,
  `password` int(11) NOT NULL
) ENGINE=InnoDB AUTO_INCREMENT=3 DEFAULT CHARSET=utf8;

INSERT INTO `admin` (`id`, `login`, `password`) VALUES
  (1, 'Misha', 123123),
  (2, 'Lesnik', 123123);

CREATE TABLE `car_type` (
  `id` int(11) NOT NULL,
  `name` varchar(200) NOT NULL
) ENGINE=InnoDB AUTO_INCREMENT=9 DEFAULT CHARSET=utf8;

INSERT INTO `car_type` (`id`, `name`) VALUES
  (1, 'ВАЗ классика'),
  (2, 'ВАЗ 8кл'),
  (3, 'ВАЗ 16кл'),
  (4, 'Нива'),
  (5, 'Нива Шеви'),
  (6, 'Иномарка седан 8кл'),
  (7, 'Иномарка седан 16кл'),
  (8, 'Паркетник');

CREATE TABLE `price_list` (
  `id` int(11) NOT NULL,
  `id_car_type` int(11) NOT NULL,
  `id_detail` int(11) NOT NULL,
  `id_section` int(11) NOT NULL,
  `id_work` int(11) NOT NULL,
  `price` varchar(30) NOT NULL
) ENGINE=InnoDB AUTO_INCREMENT=152 DEFAULT CHARSET=utf8;

INSERT INTO `price_list` (`id`, `id_car_type`, `id_detail`, `id_section`, `id_work`, `price`) VALUES
  (1, 1, 1, 1, 1, '300 р.'),
  (2, 1, 2, 1, 1, '450 р.'),
  (3, 1, 3, 1, 2, '800 р.'),
  (4, 1, 4, 1, 1, '-'),
  (5, 1, 6, 1, 2, '450 р.'),
  (6, 1, 7, 1, 1, '200 р.'),
  (7, 1, 8, 1, 1, '250 р.'),
  (8, 1, 9, 1, 1, '450 р.'),
  (9, 1, 10, 1, 2, '250 р.'),
  (10, 1, 11, 1, 3, '150 р.'),
  (11, 1, 12, 1, 1, '700 р.'),
  (12, 1, 13, 1, 3, '800 р.'),
  (13, 1, 14, 1, 2, '1450 р.'),
  (14, 1, 14, 1, 4, '1700 р.'),
  (15, 1, 16, 1, 2, '300 р.'),
  (16, 1, 16, 1, 4, '500 р.'),
  (17, 1, 18, 1, 1, '300 р.'),
  (18, 1, 19, 1, 1, '400 р.'),
  (19, 1, 20, 1, 1, '400 р.'),
  (20, 1, 21, 1, 1, '-'),
  (21, 1, 22, 1, 1, '-'),
  (22, 1, 23, 1, 5, '200 р.'),
  (23, 1, 24, 1, 1, '150 р.'),
  (24, 1, 25, 1, 1, '250 р.'),
  (25, 1, 26, 1, 1, '150 р.'),
  (26, 1, 27, 1, 1, '200 р.'),
  (27, 1, 28, 1, 1, '150 р.'),
  (28, 1, 29, 1, 1, '-'),
  (29, 1, 30, 1, 1, '-'),
  (30, 1, 31, 1, 1, '750 р.'),
  (31, 1, 32, 1, 1, '450 р.'),
  (32, 1, 33, 1, 2, '3300 р.'),
  (33, 1, 33, 1, 6, '5500 р.'),
  (34, 1, 35, 1, 5, '250 р.'),
  (35, 1, 36, 1, 1, '400 р.'),
  (36, 1, 37, 1, 1, '400 р.'),
  (37, 1, 38, 1, 1, '500 р.'),
  (38, 1, 39, 1, 2, '200 р.'),
  (39, 1, 40, 1, 2, '400 р.'),
  (40, 1, 41, 1, 7, '600 р.'),
  (41, 1, 42, 1, 2, '-'),
  (42, 1, 42, 1, 4, '-'),
  (43, 1, 43, 1, 1, '1200 р.'),
  (44, 1, 44, 1, 1, '500 р.'),
  (45, 1, 45, 1, 1, '1300 р.'),
  (46, 1, 46, 1, 1, '1050 р.'),
  (47, 1, 47, 1, 2, '-'),
  (48, 1, 47, 1, 4, '-'),
  (49, 1, 48, 1, 1, '150 р.'),
  (50, 1, 49, 1, 1, '-'),
  (51, 1, 50, 1, 1, '200 р.'),
  (52, 1, 51, 1, 1, '-'),
  (53, 1, 52, 1, 1, '-'),
  (54, 1, 53, 1, 1, '1450 р.'),
  (55, 1, 54, 1, 1, '350 р.'),
  (56, 1, 55, 1, 1, '400 р.'),
  (57, 1, 56, 1, 7, '150 р.'),
  (58, 1, 57, 1, 1, '500 р.'),
  (59, 1, 58, 1, 1, '600 р.'),
  (60, 1, 59, 1, 2, '200 р.'),
  (61, 1, 60, 1, 1, '-'),
  (62, 1, 61, 1, 1, '-'),
  (63, 1, 62, 1, 1, '600 р.'),
  (64, 1, 63, 1, 1, '750 р.'),
  (65, 1, 64, 1, 1, '1750 р.'),
  (66, 1, 65, 1, 1, '600 р.'),
  (67, 1, 66, 1, 1, '-'),
  (68, 1, 67, 1, 1, '-'),
  (69, 1, 68, 1, 1, '150 р.'),
  (70, 1, 69, 1, 1, '500 р.'),
  (71, 1, 70, 1, 2, '400 р.'),
  (72, 1, 70, 1, 4, '500 р.'),
  (73, 1, 71, 1, 1, '500 р.'),
  (74, 1, 72, 1, 1, '-'),
  (75, 1, 73, 1, 1, '450 р.'),
  (76, 1, 74, 1, 6, '700 р.'),
  (77, 1, 75, 1, 1, '1700 р.'),
  (78, 1, 76, 1, 1, '400 р.'),
  (79, 1, 77, 1, 8, '250 р.'),
  (80, 1, 78, 1, 1, '400 р.'),
  (81, 1, 79, 1, 1, '400 р.'),
  (82, 1, 80, 1, 1, '1000 р.'),
  (83, 1, 81, 1, 1, '250 р.'),
  (84, 1, 82, 1, 1, '500 р.'),
  (85, 1, 147, 1, 1, '700 р.'),
  (86, 1, 83, 1, 1, '500 р.'),
  (87, 1, 84, 1, 1, '1150 р.'),
  (88, 1, 85, 1, 1, '500 р.'),
  (89, 1, 86, 1, 1, '450 р.'),
  (90, 1, 87, 1, 1, '3400 р.'),
  (91, 1, 88, 1, 1, '-'),
  (92, 1, 89, 1, 5, '250 р.'),
  (93, 1, 90, 1, 1, '-'),
  (94, 1, 91, 1, 1, '600 р.'),
  (95, 1, 92, 1, 1, '600 р.'),
  (96, 1, 93, 1, 2, '250 р.'),
  (97, 1, 94, 1, 1, '-'),
  (98, 1, 95, 1, 1, '-'),
  (99, 1, 96, 1, 1, '100 р.'),
  (100, 1, 97, 1, 1, '250 р.'),
  (101, 1, 98, 1, 1, '-'),
  (102, 1, 99, 1, 1, '250 р.'),
  (103, 1, 100, 1, 1, '-'),
  (104, 1, 101, 1, 1, '250 р.'),
  (105, 1, 102, 1, 1, '450 р.'),
  (106, 1, 103, 1, 1, '450 р.'),
  (107, 1, 104, 1, 4, '2000 р.'),
  (108, 1, 104, 1, 2, '1500 р.'),
  (109, 1, 105, 1, 1, '450 р.'),
  (110, 1, 106, 1, 1, '2250 р.'),
  (111, 1, 107, 1, 1, '450 р.'),
  (112, 1, 108, 1, 1, '700 р.'),
  (113, 1, 109, 1, 1, '250 р.'),
  (114, 1, 110, 1, 2, '-'),
  (115, 1, 111, 1, 1, '1450 р.'),
  (116, 1, 112, 1, 1, '250 р.'),
  (117, 1, 113, 1, 1, '700 р.'),
  (118, 1, 114, 1, 2, '700 р.'),
  (119, 1, 115, 1, 3, '250 р.'),
  (120, 1, 116, 1, 1, '250 р.'),
  (121, 1, 117, 1, 1, '250 р.'),
  (122, 1, 118, 1, 7, '150 р.'),
  (123, 1, 119, 1, 1, '750 р.'),
  (124, 1, 120, 1, 1, '500 р.'),
  (125, 1, 121, 1, 1, '500 р.'),
  (126, 1, 122, 1, 1, '500 р.'),
  (127, 1, 123, 1, 1, '-'),
  (128, 1, 124, 1, 5, '150 р.'),
  (129, 1, 125, 1, 1, '400 р.'),
  (130, 1, 126, 1, 1, '400 р.'),
  (131, 1, 127, 1, 1, '600 р.'),
  (132, 1, 128, 1, 1, '750 р.'),
  (133, 1, 129, 1, 1, '-'),
  (134, 1, 130, 1, 1, '-'),
  (135, 1, 131, 1, 1, '250 р.'),
  (136, 1, 132, 1, 1, '600 р.'),
  (137, 1, 133, 1, 1, '250 р.'),
  (138, 1, 134, 1, 1, '250 р.'),
  (139, 1, 135, 1, 1, '450 р.'),
  (140, 1, 136, 1, 1, '250 р.'),
  (141, 1, 137, 1, 1, '-'),
  (142, 1, 138, 1, 1, '150 р.'),
  (143, 1, 139, 1, 1, '200 р.'),
  (144, 1, 140, 1, 1, '500 р.'),
  (145, 1, 141, 1, 5, '250 р.'),
  (146, 1, 141, 1, 9, '400 р.'),
  (147, 1, 142, 1, 1, '600 р.'),
  (148, 1, 143, 1, 1, '400 р.'),
  (149, 1, 144, 1, 1, '250 р.'),
  (150, 1, 145, 1, 1, '250 р.'),
  (151, 1, 146, 1, 2, '250 р.');

CREATE TABLE `price_list_details` (
  `id` int(11) NOT NULL,
  `name` varchar(200) NOT NULL
) ENGINE=InnoDB AUTO_INCREMENT=148 DEFAULT CHARSET=utf8;

INSERT INTO `price_list_details` (`id`, `name`) VALUES
  (1, 'Амортизатор задний'),
  (2, 'Амортизатор передний'),
  (3, 'Бак топливный'),
  (4, 'Балка задняя'),
  (5, 'Балка задняя'),
  (6, 'Бампер'),
  (7, 'Барабан задний'),
  (8, 'Бачок расширительный'),
  (9, 'Бензонасос инж.'),
  (10, 'Блок дроссельной заслонки'),
  (11, 'Брызговик'),
  (12, 'Вакуумный усилитель'),
  (13, 'Вставыш под свечу'),
  (14, 'ГБЦ 8кл/16кл'),
  (16, 'Генератор'),
  (18, 'Глушитель: задняя часть'),
  (19, 'Глушитель: приемная труба'),
  (20, 'Глушитель: средняя часть'),
  (21, 'Граната внутренняя'),
  (22, 'Граната наружная'),
  (23, 'Давление топлива'),
  (24, 'Датчик двления масла'),
  (25, 'Датчик дроссельной заслонки'),
  (26, 'Датчик коленвала'),
  (27, 'Датчик скорости'),
  (28, 'Датчик температуры'),
  (29, 'Датчик уровня масла ДВС'),
  (30, 'Датчик фазы'),
  (31, 'Двигатель вентилятора печки'),
  (32, 'Двигатель привода дворников'),
  (33, 'ДВС 8кл/16кл'),
  (35, 'Диагностика электронная'),
  (36, 'Диск тормозной'),
  (37, 'Замок двери внутренний'),
  (38, 'Замок зажигания'),
  (39, 'Защита ДВС'),
  (40, 'Кардан'),
  (41, 'Клапана 8кл'),
  (42, 'Раздатка'),
  (43, 'Распредвал'),
  (44, 'Регулятор зад. тормозов'),
  (45, 'Редуктор задний'),
  (46, 'Редуктор рулевой'),
  (47, 'Рейка рулевая/ГУР'),
  (48, 'Реле поворотников'),
  (49, 'Ремень агрегатный большой'),
  (50, 'Ремень генератора'),
  (51, 'Ремень ГУРа'),
  (52, 'Ремень ГРМ'),
  (53, 'Цепь ГРМ'),
  (54, 'Руль'),
  (55, 'Ручка двери'),
  (56, 'Ручник'),
  (57, 'Рычаг верхний передний'),
  (58, 'Рычаг нижний передний'),
  (59, 'Обшивка двери'),
  (60, 'Сайлентблок переднего рычага'),
  (61, 'Саленблоки задней балки'),
  (62, 'Саленблоки верхнего рычага'),
  (63, 'Саленблоки нижнего рычага'),
  (64, 'Сальник коленвала задний'),
  (65, 'Сальник коленвала передний'),
  (66, 'Сальник кулисы'),
  (67, 'Сальник распредвала'),
  (68, 'Свечи'),
  (69, 'Сетка бензонасоса'),
  (70, 'Стартер'),
  (71, 'Стеклоподъемник'),
  (72, 'Стойка стабилизатора'),
  (73, 'Суппорт в сборе'),
  (74, 'Суппорт со с/у'),
  (75, 'Сцепление с подрамником'),
  (76, 'Термостат'),
  (77, 'Тормоза'),
  (78, 'Тормозная жидкость'),
  (79, 'Тосол'),
  (80, 'Трапеция рулевая'),
  (81, 'Трос газа'),
  (82, 'Трос ручника малый'),
  (83, 'Трос спидометра'),
  (84, 'Коллектор выпускной'),
  (85, 'Колодки тормозные задние'),
  (86, 'Колодки тормозные передние'),
  (87, 'Кольца поршневые 8кл/16кл'),
  (88, 'Кольца трамблера'),
  (89, 'Компрессия'),
  (90, 'Краб'),
  (91, 'Краник печки'),
  (92, 'Крестовина кардана'),
  (93, 'Крышка клапанная'),
  (94, 'Кулиса'),
  (95, 'Кулиса (карданчик)'),
  (96, 'Лампочки (1 фонарь)'),
  (97, 'Магнитола'),
  (98, 'Масло в АКПП (частично)'),
  (99, 'Масло в ДВС'),
  (100, 'Масло в ГУРе'),
  (101, 'Масло в МКПП'),
  (102, 'Маятник рулевой трапеции'),
  (103, 'Механизм привода дворников'),
  (104, 'МКПП'),
  (105, 'Монтажный блок'),
  (106, 'Мост задний (чулок)'),
  (107, 'Мотор охлаждения ДВС'),
  (108, 'Муфта резиновая'),
  (109, 'Наконечник рулевой'),
  (110, 'Насос ГУРа'),
  (111, 'Насос масляный'),
  (112, 'Патрубок печки'),
  (113, 'Подвесной подшипник'),
  (114, 'Поддон ДВС'),
  (115, 'Подкрылок'),
  (116, 'Подрулевой переключатель'),
  (117, 'Подушка ДВС'),
  (118, 'Подшипник ступицы'),
  (119, 'Подшипник ступицы задний'),
  (120, 'Подшипник ступицы передний'),
  (121, 'Полуось'),
  (122, 'Помпа водяная'),
  (123, 'Привод в сборе'),
  (124, 'Провода свечные'),
  (125, 'Прокладка приемной трубы'),
  (126, 'Рабочий цилиндр сцепления'),
  (127, 'Радиатор ДВС'),
  (128, 'Радиатор отопителя'),
  (129, 'Развальные болты'),
  (130, 'Трос сцепления'),
  (131, 'Трубка тормозная'),
  (132, 'Трубка тормозная магистральная'),
  (133, 'Тяга реактивная'),
  (134, 'Тяга рулевая'),
  (135, 'Успокоитель цепи'),
  (136, 'Фара передняя'),
  (137, 'Фильтр салона'),
  (138, 'Фильтр топливный инжекторный'),
  (139, 'Фонарь задний'),
  (140, 'Форсунки'),
  (141, 'Ходовая часть'),
  (142, 'Цилиндр тормозной главный'),
  (143, 'Цилиндр тормозной рабочий'),
  (144, 'Шаровая'),
  (145, 'Шланг тормозной'),
  (146, 'Щиток приборов'),
  (147, 'Трос ручника основной');

CREATE TABLE `price_list_sections` (
  `id` int(11) NOT NULL,
  `name` varchar(200) NOT NULL
) ENGINE=InnoDB AUTO_INCREMENT=2 DEFAULT CHARSET=utf8;

INSERT INTO `price_list_sections` (`id`, `name`) VALUES
  (1, 'Нет разделов');

CREATE TABLE `price_list_works` (
  `id` int(11) NOT NULL,
  `name` varchar(200) NOT NULL
) ENGINE=InnoDB AUTO_INCREMENT=10 DEFAULT CHARSET=utf8;

INSERT INTO `price_list_works` (`id`, `name`) VALUES
  (1, 'Замена'),
  (2, 'Смена/Установка'),
  (3, 'Установка'),
  (4, 'Ремонт'),
  (5, 'Диагностика'),
  (6, 'Разборка/Сборка'),
  (7, 'Регулировка'),
  (8, 'Прокачка'),
  (9, 'Протяжка');

CREATE TABLE `service_record` (
  `user_id` int(11) NOT NULL,
  `date` date NOT NULL,
  `message` varchar(1000) NOT NULL
) ENGINE=InnoDB DEFAULT CHARSET=utf8;

CREATE TABLE `users` (
  `id` int(11) NOT NULL,
  `pin` int(11) NOT NULL,
  `id_car_type` int(11) NOT NULL,
  `device_id` int(11) NOT NULL,
  `device_platform` varchar(300) NOT NULL,
  `device_name` varchar(300) NOT NULL,
  `phone` varchar(12) NOT NULL,
  `image` varchar(300) NOT NULL,
  `car_number` varchar(30) NOT NULL,
  `name` varchar(300) NOT NULL,
  `registration_date` date NOT NULL,
  `last_activity` datetime NOT NULL
) ENGINE=InnoDB AUTO_INCREMENT=65 DEFAULT CHARSET=utf8;

INSERT INTO `users` (`id`, `pin`, `id_car_type`, `device_id`, `device_platform`, `device_name`, `phone`, `image`, `car_number`, `name`, `registration_date`, `last_activity`) VALUES
  (63, 32851, 1, 4254342, 'Android 5.3', 'Samsung Galaxy S3', '+73464735967', 'NULL', 'м345ун116', 'Oleg', '2017-02-04', '2017-02-04 08:23:06'),
  (64, 11369, 1, 4254345, 'Android 5.3', 'Samsung Galaxy S3', '+73464735967', 'NULL', 'м345ун116', 'Иван', '2017-02-08', '2017-02-08 06:01:29');


ALTER TABLE `admin`
  ADD PRIMARY KEY (`id`);

ALTER TABLE `car_type`
  ADD PRIMARY KEY (`id`);

ALTER TABLE `price_list`
  ADD PRIMARY KEY (`id`),
  ADD KEY `id_car_type` (`id_car_type`),
  ADD KEY `id_usluga` (`id_detail`),
  ADD KEY `id_section` (`id_section`),
  ADD KEY `id_work` (`id_work`);

ALTER TABLE `price_list_details`
  ADD PRIMARY KEY (`id`);

ALTER TABLE `price_list_sections`
  ADD PRIMARY KEY (`id`);

ALTER TABLE `price_list_works`
  ADD PRIMARY KEY (`id`);

ALTER TABLE `service_record`
  ADD KEY `user_id` (`user_id`);

ALTER TABLE `users`
  ADD PRIMARY KEY (`id`),
  ADD KEY `id_car_type` (`id_car_type`);


ALTER TABLE `admin`
  MODIFY `id` int(11) NOT NULL AUTO_INCREMENT,AUTO_INCREMENT=3;
ALTER TABLE `car_type`
  MODIFY `id` int(11) NOT NULL AUTO_INCREMENT,AUTO_INCREMENT=9;
ALTER TABLE `price_list`
  MODIFY `id` int(11) NOT NULL AUTO_INCREMENT,AUTO_INCREMENT=152;
ALTER TABLE `price_list_details`
  MODIFY `id` int(11) NOT NULL AUTO_INCREMENT,AUTO_INCREMENT=148;
ALTER TABLE `price_list_sections`
  MODIFY `id` int(11) NOT NULL AUTO_INCREMENT,AUTO_INCREMENT=2;
ALTER TABLE `price_list_works`
  MODIFY `id` int(11) NOT NULL AUTO_INCREMENT,AUTO_INCREMENT=10;
ALTER TABLE `users`
  MODIFY `id` int(11) NOT NULL AUTO_INCREMENT,AUTO_INCREMENT=65;

ALTER TABLE `price_list`
  ADD CONSTRAINT `price_list_ibfk_1` FOREIGN KEY (`id_detail`) REFERENCES `price_list_details` (`id`) ON DELETE CASCADE ON UPDATE CASCADE,
  ADD CONSTRAINT `price_list_ibfk_2` FOREIGN KEY (`id_work`) REFERENCES `price_list_works` (`id`) ON DELETE CASCADE ON UPDATE CASCADE,
  ADD CONSTRAINT `price_list_ibfk_3` FOREIGN KEY (`id_car_type`) REFERENCES `car_type` (`id`) ON DELETE CASCADE ON UPDATE CASCADE,
  ADD CONSTRAINT `price_list_ibfk_4` FOREIGN KEY (`id_section`) REFERENCES `price_list_sections` (`id`) ON DELETE CASCADE ON UPDATE CASCADE;

ALTER TABLE `service_record`
  ADD CONSTRAINT `service_record_ibfk_1` FOREIGN KEY (`user_id`) REFERENCES `users` (`id`) ON DELETE CASCADE ON UPDATE CASCADE;

ALTER TABLE `users`
  ADD CONSTRAINT `users_ibfk_1` FOREIGN KEY (`id_car_type`) REFERENCES `car_type` (`id`) ON DELETE CASCADE ON UPDATE CASCADE;
